﻿
<annotation>
    <folder>images</folder>
    <filename>road35.jpg</filename>
    <size>
        <width>400</width>
        <height>257</height>
        <depth>3</depth>
    </size>
    <segmented>0</segmented>
    <object>
        <name>trafficlight</name>
        <pose>Unspecified</pose>
        <truncated>0</truncated>
        <occluded>0</occluded>
        <difficult>0</difficult>
        <bndbox>
            <xmin>77</xmin>
            <ymin>83</ymin>
            <xmax>189</xmax>
            <ymax>123</ymax>
        </bndbox>
    </object>
</annotation>
