﻿
<annotation>
    <folder>images</folder>
    <filename>road127.jpg</filename>
    <size>
        <width>400</width>
        <height>265</height>
        <depth>3</depth>
    </size>
    <segmented>0</segmented>
    <object>
        <name>crosswalk</name>
        <pose>Unspecified</pose>
        <truncated>0</truncated>
        <occluded>0</occluded>
        <difficult>0</difficult>
        <bndbox>
            <xmin>268</xmin>
            <ymin>56</ymin>
            <xmax>312</xmax>
            <ymax>101</ymax>
        </bndbox>
    </object>
    <object>
        <name>trafficlight</name>
        <pose>Unspecified</pose>
        <truncated>0</truncated>
        <occluded>0</occluded>
        <difficult>0</difficult>
        <bndbox>
            <xmin>359</xmin>
            <ymin>24</ymin>
            <xmax>376</xmax>
            <ymax>59</ymax>
        </bndbox>
    </object>
    <object>
        <name>trafficlight</name>
        <pose>Unspecified</pose>
        <truncated>0</truncated>
        <occluded>0</occluded>
        <difficult>0</difficult>
        <bndbox>
            <xmin>379</xmin>
            <ymin>21</ymin>
            <xmax>394</xmax>
            <ymax>58</ymax>
        </bndbox>
    </object>
</annotation>
