﻿
<annotation>
    <folder>images</folder>
    <filename>road166.jpg</filename>
    <size>
        <width>300</width>
        <height>400</height>
        <depth>3</depth>
    </size>
    <segmented>0</segmented>
    <object>
        <name>crosswalk</name>
        <pose>Unspecified</pose>
        <truncated>0</truncated>
        <occluded>0</occluded>
        <difficult>0</difficult>
        <bndbox>
            <xmin>53</xmin>
            <ymin>177</ymin>
            <xmax>114</xmax>
            <ymax>241</ymax>
        </bndbox>
    </object>
</annotation>
