﻿
<annotation>
    <folder>images</folder>
    <filename>road289.jpg</filename>
    <size>
        <width>300</width>
        <height>400</height>
        <depth>3</depth>
    </size>
    <segmented>0</segmented>
    <object>
        <name>stop</name>
        <pose>Unspecified</pose>
        <truncated>0</truncated>
        <occluded>0</occluded>
        <difficult>0</difficult>
        <bndbox>
            <xmin>61</xmin>
            <ymin>140</ymin>
            <xmax>146</xmax>
            <ymax>227</ymax>
        </bndbox>
    </object>
    <object>
        <name>trafficlight</name>
        <pose>Unspecified</pose>
        <truncated>0</truncated>
        <occluded>0</occluded>
        <difficult>0</difficult>
        <bndbox>
            <xmin>259</xmin>
            <ymin>325</ymin>
            <xmax>299</xmax>
            <ymax>398</ymax>
        </bndbox>
    </object>
</annotation>
