﻿
<annotation>
    <folder>images</folder>
    <filename>road10.jpg</filename>
    <size>
        <width>400</width>
        <height>267</height>
        <depth>3</depth>
    </size>
    <segmented>0</segmented>
    <object>
        <name>trafficlight</name>
        <pose>Unspecified</pose>
        <truncated>0</truncated>
        <occluded>0</occluded>
        <difficult>0</difficult>
        <bndbox>
            <xmin>106</xmin>
            <ymin>3</ymin>
            <xmax>244</xmax>
            <ymax>263</ymax>
        </bndbox>
    </object>
</annotation>
