﻿
<annotation>
    <folder>images</folder>
    <filename>road134.jpg</filename>
    <size>
        <width>400</width>
        <height>273</height>
        <depth>3</depth>
    </size>
    <segmented>0</segmented>
    <object>
        <name>crosswalk</name>
        <pose>Unspecified</pose>
        <truncated>0</truncated>
        <occluded>0</occluded>
        <difficult>0</difficult>
        <bndbox>
            <xmin>196</xmin>
            <ymin>48</ymin>
            <xmax>337</xmax>
            <ymax>219</ymax>
        </bndbox>
    </object>
</annotation>
