﻿
<annotation>
    <folder>images</folder>
    <filename>road13.jpg</filename>
    <size>
        <width>267</width>
        <height>400</height>
        <depth>3</depth>
    </size>
    <segmented>0</segmented>
    <object>
        <name>trafficlight</name>
        <pose>Unspecified</pose>
        <truncated>0</truncated>
        <occluded>0</occluded>
        <difficult>0</difficult>
        <bndbox>
            <xmin>75</xmin>
            <ymin>74</ymin>
            <xmax>195</xmax>
            <ymax>348</ymax>
        </bndbox>
    </object>
</annotation>
