﻿
<annotation>
    <folder>images</folder>
    <filename>road53.jpg</filename>
    <size>
        <width>400</width>
        <height>290</height>
        <depth>3</depth>
    </size>
    <segmented>0</segmented>
    <object>
        <name>stop</name>
        <pose>Unspecified</pose>
        <truncated>0</truncated>
        <occluded>0</occluded>
        <difficult>0</difficult>
        <bndbox>
            <xmin>9</xmin>
            <ymin>110</ymin>
            <xmax>140</xmax>
            <ymax>240</ymax>
        </bndbox>
    </object>
</annotation>
