﻿
<annotation>
    <folder>images</folder>
    <filename>road241.jpg</filename>
    <size>
        <width>300</width>
        <height>400</height>
        <depth>3</depth>
    </size>
    <segmented>0</segmented>
    <object>
        <name>speedlimit</name>
        <pose>Unspecified</pose>
        <truncated>0</truncated>
        <occluded>0</occluded>
        <difficult>0</difficult>
        <bndbox>
            <xmin>136</xmin>
            <ymin>200</ymin>
            <xmax>155</xmax>
            <ymax>218</ymax>
        </bndbox>
    </object>
    <object>
        <name>speedlimit</name>
        <pose>Unspecified</pose>
        <truncated>0</truncated>
        <occluded>0</occluded>
        <difficult>0</difficult>
        <bndbox>
            <xmin>156</xmin>
            <ymin>201</ymin>
            <xmax>175</xmax>
            <ymax>220</ymax>
        </bndbox>
    </object>
</annotation>
