﻿
<annotation>
    <folder>images</folder>
    <filename>road28.jpg</filename>
    <size>
        <width>400</width>
        <height>229</height>
        <depth>3</depth>
    </size>
    <segmented>0</segmented>
    <object>
        <name>trafficlight</name>
        <pose>Unspecified</pose>
        <truncated>0</truncated>
        <occluded>0</occluded>
        <difficult>0</difficult>
        <bndbox>
            <xmin>171</xmin>
            <ymin>2</ymin>
            <xmax>188</xmax>
            <ymax>34</ymax>
        </bndbox>
    </object>
    <object>
        <name>trafficlight</name>
        <pose>Unspecified</pose>
        <truncated>0</truncated>
        <occluded>0</occluded>
        <difficult>0</difficult>
        <bndbox>
            <xmin>273</xmin>
            <ymin>57</ymin>
            <xmax>291</xmax>
            <ymax>90</ymax>
        </bndbox>
    </object>
    <object>
        <name>trafficlight</name>
        <pose>Unspecified</pose>
        <truncated>0</truncated>
        <occluded>0</occluded>
        <difficult>0</difficult>
        <bndbox>
            <xmin>259</xmin>
            <ymin>60</ymin>
            <xmax>273</xmax>
            <ymax>91</ymax>
        </bndbox>
    </object>
</annotation>
