﻿
<annotation>
    <folder>images</folder>
    <filename>road149.jpg</filename>
    <size>
        <width>400</width>
        <height>222</height>
        <depth>3</depth>
    </size>
    <segmented>0</segmented>
    <object>
        <name>crosswalk</name>
        <pose>Unspecified</pose>
        <truncated>0</truncated>
        <occluded>0</occluded>
        <difficult>0</difficult>
        <bndbox>
            <xmin>123</xmin>
            <ymin>36</ymin>
            <xmax>277</xmax>
            <ymax>158</ymax>
        </bndbox>
    </object>
</annotation>
