﻿
<annotation>
    <folder>images</folder>
    <filename>road154.jpg</filename>
    <size>
        <width>400</width>
        <height>227</height>
        <depth>3</depth>
    </size>
    <segmented>0</segmented>
    <object>
        <name>crosswalk</name>
        <pose>Unspecified</pose>
        <truncated>0</truncated>
        <occluded>0</occluded>
        <difficult>0</difficult>
        <bndbox>
            <xmin>357</xmin>
            <ymin>82</ymin>
            <xmax>378</xmax>
            <ymax>100</ymax>
        </bndbox>
    </object>
    <object>
        <name>crosswalk</name>
        <pose>Unspecified</pose>
        <truncated>0</truncated>
        <occluded>0</occluded>
        <difficult>0</difficult>
        <bndbox>
            <xmin>84</xmin>
            <ymin>107</ymin>
            <xmax>94</xmax>
            <ymax>119</ymax>
        </bndbox>
    </object>
</annotation>
