﻿
<annotation>
    <folder>images</folder>
    <filename>road132.jpg</filename>
    <size>
        <width>400</width>
        <height>300</height>
        <depth>3</depth>
    </size>
    <segmented>0</segmented>
    <object>
        <name>crosswalk</name>
        <pose>Unspecified</pose>
        <truncated>0</truncated>
        <occluded>0</occluded>
        <difficult>0</difficult>
        <bndbox>
            <xmin>184</xmin>
            <ymin>23</ymin>
            <xmax>243</xmax>
            <ymax>82</ymax>
        </bndbox>
    </object>
</annotation>
