﻿
<annotation>
    <folder>images</folder>
    <filename>road275.jpg</filename>
    <size>
        <width>300</width>
        <height>400</height>
        <depth>3</depth>
    </size>
    <segmented>0</segmented>
    <object>
        <name>trafficlight</name>
        <pose>Unspecified</pose>
        <truncated>0</truncated>
        <occluded>0</occluded>
        <difficult>0</difficult>
        <bndbox>
            <xmin>243</xmin>
            <ymin>268</ymin>
            <xmax>300</xmax>
            <ymax>375</ymax>
        </bndbox>
    </object>
    <object>
        <name>stop</name>
        <pose>Unspecified</pose>
        <truncated>0</truncated>
        <occluded>0</occluded>
        <difficult>0</difficult>
        <bndbox>
            <xmin>100</xmin>
            <ymin>133</ymin>
            <xmax>162</xmax>
            <ymax>196</ymax>
        </bndbox>
    </object>
    <object>
        <name>crosswalk</name>
        <pose>Unspecified</pose>
        <truncated>0</truncated>
        <occluded>0</occluded>
        <difficult>0</difficult>
        <bndbox>
            <xmin>289</xmin>
            <ymin>265</ymin>
            <xmax>300</xmax>
            <ymax>328</ymax>
        </bndbox>
    </object>
</annotation>
