﻿
<annotation>
    <folder>images</folder>
    <filename>road153.jpg</filename>
    <size>
        <width>400</width>
        <height>337</height>
        <depth>3</depth>
    </size>
    <segmented>0</segmented>
    <object>
        <name>crosswalk</name>
        <pose>Unspecified</pose>
        <truncated>0</truncated>
        <occluded>0</occluded>
        <difficult>0</difficult>
        <bndbox>
            <xmin>111</xmin>
            <ymin>0</ymin>
            <xmax>346</xmax>
            <ymax>299</ymax>
        </bndbox>
    </object>
</annotation>
