﻿
<annotation>
    <folder>images</folder>
    <filename>road49.jpg</filename>
    <size>
        <width>400</width>
        <height>284</height>
        <depth>3</depth>
    </size>
    <segmented>0</segmented>
    <object>
        <name>trafficlight</name>
        <pose>Unspecified</pose>
        <truncated>0</truncated>
        <occluded>0</occluded>
        <difficult>0</difficult>
        <bndbox>
            <xmin>84</xmin>
            <ymin>34</ymin>
            <xmax>124</xmax>
            <ymax>117</ymax>
        </bndbox>
    </object>
    <object>
        <name>trafficlight</name>
        <pose>Unspecified</pose>
        <truncated>0</truncated>
        <occluded>0</occluded>
        <difficult>0</difficult>
        <bndbox>
            <xmin>134</xmin>
            <ymin>121</ymin>
            <xmax>151</xmax>
            <ymax>154</ymax>
        </bndbox>
    </object>
</annotation>
