﻿
<annotation>
    <folder>images</folder>
    <filename>road451.jpg</filename>
    <size>
        <width>300</width>
        <height>400</height>
        <depth>3</depth>
    </size>
    <segmented>0</segmented>
    <object>
        <name>speedlimit</name>
        <pose>Unspecified</pose>
        <truncated>0</truncated>
        <occluded>0</occluded>
        <difficult>0</difficult>
        <bndbox>
            <xmin>97</xmin>
            <ymin>148</ymin>
            <xmax>154</xmax>
            <ymax>203</ymax>
        </bndbox>
    </object>
</annotation>
