﻿
<annotation>
    <folder>images</folder>
    <filename>road36.jpg</filename>
    <size>
        <width>400</width>
        <height>267</height>
        <depth>3</depth>
    </size>
    <segmented>0</segmented>
    <object>
        <name>trafficlight</name>
        <pose>Unspecified</pose>
        <truncated>0</truncated>
        <occluded>0</occluded>
        <difficult>0</difficult>
        <bndbox>
            <xmin>51</xmin>
            <ymin>108</ymin>
            <xmax>98</xmax>
            <ymax>205</ymax>
        </bndbox>
    </object>
    <object>
        <name>trafficlight</name>
        <pose>Unspecified</pose>
        <truncated>0</truncated>
        <occluded>0</occluded>
        <difficult>0</difficult>
        <bndbox>
            <xmin>104</xmin>
            <ymin>93</ymin>
            <xmax>145</xmax>
            <ymax>204</ymax>
        </bndbox>
    </object>
    <object>
        <name>trafficlight</name>
        <pose>Unspecified</pose>
        <truncated>0</truncated>
        <occluded>0</occluded>
        <difficult>0</difficult>
        <bndbox>
            <xmin>147</xmin>
            <ymin>104</ymin>
            <xmax>174</xmax>
            <ymax>202</ymax>
        </bndbox>
    </object>
</annotation>
