﻿
<annotation>
    <folder>images</folder>
    <filename>road22.jpg</filename>
    <size>
        <width>321</width>
        <height>400</height>
        <depth>3</depth>
    </size>
    <segmented>0</segmented>
    <object>
        <name>trafficlight</name>
        <pose>Unspecified</pose>
        <truncated>0</truncated>
        <occluded>0</occluded>
        <difficult>0</difficult>
        <bndbox>
            <xmin>108</xmin>
            <ymin>43</ymin>
            <xmax>150</xmax>
            <ymax>182</ymax>
        </bndbox>
    </object>
    <object>
        <name>trafficlight</name>
        <pose>Unspecified</pose>
        <truncated>0</truncated>
        <occluded>0</occluded>
        <difficult>0</difficult>
        <bndbox>
            <xmin>54</xmin>
            <ymin>47</ymin>
            <xmax>105</xmax>
            <ymax>149</ymax>
        </bndbox>
    </object>
    <object>
        <name>stop</name>
        <pose>Unspecified</pose>
        <truncated>0</truncated>
        <occluded>0</occluded>
        <difficult>0</difficult>
        <bndbox>
            <xmin>146</xmin>
            <ymin>228</ymin>
            <xmax>284</xmax>
            <ymax>370</ymax>
        </bndbox>
    </object>
</annotation>
