﻿
<annotation>
    <folder>images</folder>
    <filename>road44.jpg</filename>
    <size>
        <width>268</width>
        <height>400</height>
        <depth>3</depth>
    </size>
    <segmented>0</segmented>
    <object>
        <name>trafficlight</name>
        <pose>Unspecified</pose>
        <truncated>0</truncated>
        <occluded>0</occluded>
        <difficult>0</difficult>
        <bndbox>
            <xmin>95</xmin>
            <ymin>50</ymin>
            <xmax>115</xmax>
            <ymax>95</ymax>
        </bndbox>
    </object>
    <object>
        <name>trafficlight</name>
        <pose>Unspecified</pose>
        <truncated>0</truncated>
        <occluded>0</occluded>
        <difficult>0</difficult>
        <bndbox>
            <xmin>190</xmin>
            <ymin>86</ymin>
            <xmax>208</xmax>
            <ymax>125</ymax>
        </bndbox>
    </object>
</annotation>
