﻿
<annotation>
    <folder>images</folder>
    <filename>road189.jpg</filename>
    <size>
        <width>300</width>
        <height>400</height>
        <depth>3</depth>
    </size>
    <segmented>0</segmented>
    <object>
        <name>crosswalk</name>
        <pose>Unspecified</pose>
        <truncated>0</truncated>
        <occluded>0</occluded>
        <difficult>0</difficult>
        <bndbox>
            <xmin>91</xmin>
            <ymin>122</ymin>
            <xmax>141</xmax>
            <ymax>179</ymax>
        </bndbox>
    </object>
    <object>
        <name>crosswalk</name>
        <pose>Unspecified</pose>
        <truncated>0</truncated>
        <occluded>0</occluded>
        <difficult>0</difficult>
        <bndbox>
            <xmin>157</xmin>
            <ymin>202</ymin>
            <xmax>172</xmax>
            <ymax>225</ymax>
        </bndbox>
    </object>
</annotation>
