﻿
<annotation>
    <folder>images</folder>
    <filename>road145.jpg</filename>
    <size>
        <width>400</width>
        <height>228</height>
        <depth>3</depth>
    </size>
    <segmented>0</segmented>
    <object>
        <name>crosswalk</name>
        <pose>Unspecified</pose>
        <truncated>0</truncated>
        <occluded>0</occluded>
        <difficult>0</difficult>
        <bndbox>
            <xmin>132</xmin>
            <ymin>29</ymin>
            <xmax>264</xmax>
            <ymax>166</ymax>
        </bndbox>
    </object>
</annotation>
