﻿
<annotation>
    <folder>images</folder>
    <filename>road193.jpg</filename>
    <size>
        <width>300</width>
        <height>400</height>
        <depth>3</depth>
    </size>
    <segmented>0</segmented>
    <object>
        <name>crosswalk</name>
        <pose>Unspecified</pose>
        <truncated>0</truncated>
        <occluded>0</occluded>
        <difficult>0</difficult>
        <bndbox>
            <xmin>110</xmin>
            <ymin>110</ymin>
            <xmax>163</xmax>
            <ymax>166</ymax>
        </bndbox>
    </object>
    <object>
        <name>trafficlight</name>
        <pose>Unspecified</pose>
        <truncated>0</truncated>
        <occluded>0</occluded>
        <difficult>0</difficult>
        <bndbox>
            <xmin>45</xmin>
            <ymin>59</ymin>
            <xmax>90</xmax>
            <ymax>150</ymax>
        </bndbox>
    </object>
</annotation>
