﻿
<annotation>
    <folder>images</folder>
    <filename>road130.jpg</filename>
    <size>
        <width>400</width>
        <height>281</height>
        <depth>3</depth>
    </size>
    <segmented>0</segmented>
    <object>
        <name>crosswalk</name>
        <pose>Unspecified</pose>
        <truncated>0</truncated>
        <occluded>0</occluded>
        <difficult>0</difficult>
        <bndbox>
            <xmin>162</xmin>
            <ymin>30</ymin>
            <xmax>181</xmax>
            <ymax>50</ymax>
        </bndbox>
    </object>
    <object>
        <name>crosswalk</name>
        <pose>Unspecified</pose>
        <truncated>0</truncated>
        <occluded>0</occluded>
        <difficult>0</difficult>
        <bndbox>
            <xmin>305</xmin>
            <ymin>131</ymin>
            <xmax>329</xmax>
            <ymax>154</ymax>
        </bndbox>
    </object>
</annotation>
