﻿
<annotation>
    <folder>images</folder>
    <filename>road135.jpg</filename>
    <size>
        <width>400</width>
        <height>247</height>
        <depth>3</depth>
    </size>
    <segmented>0</segmented>
    <object>
        <name>crosswalk</name>
        <pose>Unspecified</pose>
        <truncated>0</truncated>
        <occluded>0</occluded>
        <difficult>0</difficult>
        <bndbox>
            <xmin>218</xmin>
            <ymin>75</ymin>
            <xmax>363</xmax>
            <ymax>164</ymax>
        </bndbox>
    </object>
</annotation>
