﻿
<annotation>
    <folder>images</folder>
    <filename>road122.jpg</filename>
    <size>
        <width>254</width>
        <height>400</height>
        <depth>3</depth>
    </size>
    <segmented>0</segmented>
    <object>
        <name>crosswalk</name>
        <pose>Unspecified</pose>
        <truncated>0</truncated>
        <occluded>0</occluded>
        <difficult>0</difficult>
        <bndbox>
            <xmin>20</xmin>
            <ymin>24</ymin>
            <xmax>209</xmax>
            <ymax>237</ymax>
        </bndbox>
    </object>
</annotation>
