﻿
<annotation>
    <folder>images</folder>
    <filename>road117.jpg</filename>
    <size>
        <width>400</width>
        <height>225</height>
        <depth>3</depth>
    </size>
    <segmented>0</segmented>
    <object>
        <name>speedlimit</name>
        <pose>Unspecified</pose>
        <truncated>0</truncated>
        <occluded>0</occluded>
        <difficult>0</difficult>
        <bndbox>
            <xmin>224</xmin>
            <ymin>32</ymin>
            <xmax>289</xmax>
            <ymax>103</ymax>
        </bndbox>
    </object>
</annotation>
