﻿
<annotation>
    <folder>images</folder>
    <filename>road113.jpg</filename>
    <size>
        <width>400</width>
        <height>274</height>
        <depth>3</depth>
    </size>
    <segmented>0</segmented>
    <object>
        <name>speedlimit</name>
        <pose>Unspecified</pose>
        <truncated>0</truncated>
        <occluded>0</occluded>
        <difficult>0</difficult>
        <bndbox>
            <xmin>171</xmin>
            <ymin>38</ymin>
            <xmax>307</xmax>
            <ymax>186</ymax>
        </bndbox>
    </object>
</annotation>
